{
    "Version": "1.2",
    "Data": {
        "Source": "c:\\program files\\microsoft visual studio\\2022\\community\\vc\\tools\\msvc\\14.38.33130\\modules\\std.compat.ixx",
        "ProvidedModule": "std.compat",
        "Includes": [],
        "ImportedModules": [
            {
                "Name": "std",
                "BMI": "C:\\Users\\joelr\\source\\repos\\ParallelStudy\\ParallelStudy\\x64\\Release\\microsoft\\STL\\std.ixx.ifc"
            }
        ],
        "ImportedHeaderUnits": []
    }
}