{
    "version": 1,
    "revision": 0,
    "rules": [
        {
            "primary-output": "x64\\Release\\microsoft/STL\\std.compat.ixx.obj",
            "outputs": [
                "C:\\Users\\joelr\\source\\repos\\ParallelStudy\\ParallelStudy\\x64\\Release\\vc143.pdb",
                "x64\\Release\\microsoft/STL\\",
                "C:\\Users\\joelr\\source\\repos\\ParallelStudy\\ParallelStudy\\x64\\Release\\microsoft\\STL\\std.compat.ixx.ifc"
            ],
            "provides": [
                {
                    "logical-name": "std.compat",
                    "source-path": "c:\\program files\\microsoft visual studio\\2022\\community\\vc\\tools\\msvc\\14.38.33130\\modules\\std.compat.ixx",
                    "is-interface": true
                }
            ],
            "requires": [
                {
                    "logical-name": "std"
                }
            ]
        }
    ]
}